,Title,published_date,views,favoriteCount,likeCount,commentCount,month
0,Showing up to Thanksgiving prep so fresh and so clean @johnlegend #DreamTrackAI,2023-11-22,20743,0,1049,61,Nov
1,#TrailerTalk - Season 3 Ep. 1 - Niall Horan,2023-10-30,64483,0,1686,147,Oct
2,John Legend - Here Comes The Sun (Live At Royal Albert Hall),2023-05-17,237364,0,3961,232,May
3,John Legend - Bridge Over Troubled Water (Live At Walt Disney Concert Hall),2023-04-12,137634,0,2226,185,Apr
4,John Legend - By Your Side (Live At Walt Disney Concert Hall),2023-04-10,166655,0,3581,164,Apr
5,John Legend - Wonder Woman (Live At Walt Disney Concert Hall),2023-04-05,67482,0,2214,105,Apr
6,happy valentines day from all of me to all of you ‚ù§Ô∏è,2023-02-14,43914,0,3546,111,Feb
7,John Legend - Wonder Woman (Live Performance | Vevo),2023-02-10,113334,0,2696,174,Feb
8,John Legend - Bridge Over Troubled Water,2023-02-08,403302,0,6727,294,Feb
9,John Legend - By Your Side (Audio),2023-02-08,1003469,0,17693,435,Feb
10,John Legend - Rounds (Audio),2023-02-08,53896,0,752,24,Feb
11,John Legend - Strawberry Blush (Audio),2023-02-08,60352,0,935,29,Feb
12,John Legend - Wonder Woman,2023-02-08,129428,0,1523,37,Feb
13,John Legend - All She Wanna Do (Audio),2023-02-08,90103,0,1150,23,Feb
14,John Legend - Splash,2023-02-08,40560,0,635,27,Feb
15,John Legend - One Last Dance (Audio),2023-02-08,61988,0,781,26,Feb
16,John Legend - I Don't Love You Like I Used To (Audio),2023-02-08,135658,0,2224,67,Feb
17,John Legend - Nervous (Audio),2023-02-08,1277307,0,11638,278,Feb
18,John Legend - Honey (Audio) ft. Muni Long,2023-02-08,136750,0,2291,60,Feb
19,John Legend - Speak In Tongues,2023-02-08,41763,0,950,63,Feb
20,John Legend - I Don't Love You Like I Used To ([Live Performance | Vevo]),2023-02-08,86524,0,1964,127,Feb
21,John Legend - You Deserve It All (Live Performance),2022-12-20,311653,0,8425,266,Dec
22,John Legend - What Christmas Means to Me (Official Animated Video),2022-12-18,36429,0,1345,89,Dec
23,#TrailerTalk - Season 2 Ep. 19 - Omar Jose Cardona,2022-12-14,8775,0,366,26,Dec
24,#TrailerTalk - Season 2 Ep. 18 - Adam Lambert,2022-12-14,7585,0,401,29,Dec
25,John Legend - The Making of ‚ÄòYou Deserve It All‚Äô (Vevo Footnotes),2022-12-13,47951,0,866,71,Dec
26,"John Legend, NIIKO X SWAE - All She Wanna Do (Official Visualizer) ft. Saweetie",2022-12-09,53672,0,985,35,Dec
27,We already know my songs are all about #sexsexsex,2022-12-05,31259,0,1478,40,Dec
28,But the butterflies in my heart make it worth it #Nervous,2022-12-02,23091,0,2181,40,Dec
29,#Nervous w/ Sebastian Yatra on all platforms,2022-12-01,11392,0,895,22,Dec
30,Had an amazing time performing at the Latin Grammys w/ Sebastian Yatra! Our version #Nervous out now,2022-11-29,24786,0,1517,38,Nov
31,Thank you for all the love on #Nervous!,2022-11-28,57085,0,4822,139,Nov
32,#Nervous piano version ;),2022-11-22,49683,0,4072,99,Nov
33,More songs I wrote about Chrissy! #Splash,2022-11-18,23576,0,1845,56,Nov
34,"John Legend, Prince Fox - Nervous (Prince Fox Remix / Audio)",2022-11-18,24168,0,510,27,Nov
35,"John Legend, Xan Griffin - Nervous (Xan Griffin Remix / Audio)",2022-11-18,4458,0,152,8,Nov
36,"John Legend, King Britt - Nervous (King Britt Sexytech Remix / Audio)",2022-11-18,3462,0,98,13,Nov
37,John Legend - Nervous (Live in Las Vegas),2022-11-15,171940,0,4304,220,Nov
38,Trailer Talk - Season 2 Ep. 17 - Camila Cabello,2022-11-14,24377,0,1132,117,Nov
39,#nervous #loveinlasvegas,2022-11-14,43664,0,4956,74,Nov
40,Songs about Chrissy! Part one of... well quite a few because she's inspired a lot of songs. #LEGEND,2022-11-10,215860,0,15174,258,Nov
41,Adding some LEGEND to #ohmygoodness,2022-11-07,21401,0,1422,16,Nov
42,#nervous,2022-11-04,37728,0,3072,81,Nov
43,"John Legend, Sebasti√°n Yatra - Nervous (Audio)",2022-11-04,640333,0,13054,397,Nov
44,Still get #Nervous since 2006,2022-10-07,21742,0,1359,23,Oct
45,Keep 'em coming!! #Nervous #OpenVerseChallenge,2022-10-05,205587,0,17949,415,Oct
46,The power of the internet! And participating in my open verse challenge for #Nervous üëÄ,2022-10-04,36716,0,2900,41,Oct
47,John Legend - Nervous (Piano Performance),2022-09-20,7775863,0,93601,1673,Sep
48,John Legend - Wonder Woman (Official Music Video),2022-09-14,4039841,0,90654,1876,Sep
49,Live footage of me learning my own song #IDontLoveYouLikeIUsedTo #LEGEND,2022-09-13,82248,0,5244,88,Sep
50,I still get #Nervous ü´£ new album out now!,2022-09-12,435561,0,39093,633,Sep
51,John Legend - Pieces (Official Lyric Video),2022-09-10,150181,0,3950,144,Sep
52,John Legend - Wonder Woman (Official Lyric Video),2022-09-10,348528,0,5743,175,Sep
53,John Legend - I Don't Love You Like I Used To,2022-09-09,1020389,0,21593,329,Sep
54,"John Legend - Splash (feat. Jhen√© Aiko, Ty Dolla $ign)",2022-09-09,973340,0,14721,204,Sep
55,John Legend - All She Wanna Do (feat. Saweetie) (Official Music Video),2022-08-24,5502425,0,69111,1509,Aug
56,John Legend - All She Wanna Do (Official Lyric Video),2022-08-06,294435,0,3751,97,Aug
57,"John Legend - Behind ""All She Wanna Do""",2022-08-05,16104,0,658,40,Aug
58,John Legend - All She Wanna Do (ft. Saweetie) (Official Lyric Video),2022-08-05,311894,0,5055,152,Aug
59,"John Legend - Behind ""Honey (feat. Muni Long)""",2022-07-21,17887,0,810,42,Jul
60,John Legend - Honey (Behind The Scenes),2022-07-12,15273,0,760,25,Jul
61,John Legend ft. Muni Long - Honey (Official Music Video),2022-07-07,3106565,0,47596,998,Jul
62,John Legend - Honey (feat. Muni Long) (Official Lyric Video),2022-06-17,647632,0,16009,236,Jun
63,John Legend - Dope (Behind the Scenes),2022-06-14,13563,0,673,23,Jun
64,John Legend - Dope (feat. JID) (Official Music Video) ft. JID,2022-06-13,3523382,0,70694,1082,Jun
65,John Legend - Behind ‚ÄúDope‚Äù,2022-06-08,15081,0,774,46,Jun
66,John Legend - The Making of ‚ÄúDope‚Äù,2022-06-02,28870,0,1443,80,Jun
67,I think Pharrell is listening in on our sessions....,2022-05-23,24226,0,1062,12,May
68,What if I wrote a song with Charlie Puth and copied his Tiktok style?,2022-05-18,160735,0,13497,216,May
69,John Legend  - Dope (feat. JID) (Official Lyric Video),2022-05-18,312727,0,8094,238,May
70,John Legend  Love In Las Vegas The Residency,2022-04-26,51949,0,909,49,Apr
71,John Legend -  Free (Official Lyric Video),2022-04-03,251936,0,7228,305,Apr
72,Testing the waters‚Ä¶ (Dope with Charlie Puth),2022-03-23,56525,0,4036,75,Mar
73,Why Does Music Make Us Emotional? | Music on My Mind with John Legend & Headspace,2022-02-23,17689,0,1681,59,Feb
74,"John Legend, Nas, Florian Picasso - Tomorrow (Official Audio)",2022-02-04,466590,0,9752,290,Feb
75,Trailer Talk - Season 2 Ep. 16 - Chris Martin,2022-01-13,27025,0,1943,62,Jan
76,Trailer Talk - Season 2 Ep. 15 - Carrie Underwood,2022-01-13,68220,0,1818,42,Jan
77,John Legend - Love in Las Vegas The Residency,2021-12-06,102997,0,2638,75,Dec
78,John Legend - You Deserve It All (Official Music Video),2021-12-01,46793251,0,144571,2739,Dec
79,John Legend - You Deserve It All (Official Lyric Video),2021-11-11,433562,0,10480,387,Nov
80,John Legend - Bigger Love Global Experience,2021-10-19,40057,0,2096,52,Oct
81,John Legend LVE Ros√© Garden Party,2021-09-22,26203,0,1739,38,Sep
82,John Legend Bigger Love Tour,2021-09-15,52106,0,2420,141,Sep
83,John Legend - Crowd Go Crazy (Official Lyric Video),2021-08-03,231727,0,5107,173,Aug
84,"Trailer Talk - Olympics Special Ep. 14 - Noah Lyles, Sandi Morris",2021-07-30,13294,0,1426,22,Jul
85,Trailer Talk - Season 2 Ep. 13 - Victor Solomon,2021-05-25,22810,0,1670,81,May
86,Trailer Talk - Season 2 Ep. 12 - Snoop Dogg,2021-04-26,23254,0,1922,100,Apr
87,Trailer Talk - Season 2 Ep. 11 - John Holiday,2021-04-20,17548,0,1546,22,Apr
88,"Trailer Talk - Season 2 Ep. 10 - Gwen Stefani, Blake Shelton, Kelly Clarkson",2021-04-20,24652,0,1832,39,Apr
89,Trailer Talk with John Legend - Season 2 Ep. 9 - Usher,2021-04-20,15246,0,580,48,Apr
90,The Effects of Music on Memory | Music on My Mind with John Legend & Headspace,2021-03-25,24753,0,671,54,Mar
91,Boost Energy or Go to Bed | Music on My Mind with John Legend & Headspace,2021-03-18,19171,0,623,69,Mar
92,The Science Behind Workout Music | Music on my Mind with John Legend & Headspace,2021-03-11,18476,0,1719,35,Mar
93,Music and Stress Relief | Music on my Mind with John Legend & Headspace,2021-03-04,25708,0,840,58,Mar
94,How Focus Music Works | Music on My Mind with John Legend & Headspace,2021-02-25,27129,0,1965,50,Feb
95,John Legend - Conversations In The Dark (Live),2021-02-11,412648,0,11846,385,Feb
96,How Does Music Affect the Brain? | Music on My Mind with John Legend & Headspace,2021-02-11,29189,0,2192,52,Feb
97,Legendary Christmas Tales: Favorite Original Christmas Songs,2020-12-20,48659,0,2422,72,Dec
98,Legendary Christmas Tales: Favorite Holiday Songs,2020-12-19,20466,0,935,57,Dec
99,John Legend - Purple Snowflakes (Yule Log Video),2020-12-18,37175,0,1862,39,Dec
100,Have Yourself a Merry Little Christmas (Yule Log Video),2020-12-18,83776,0,969,22,Dec
101,John Legend - No Place Like Home (Yule Log Video),2020-12-18,26494,0,316,20,Dec
102,John Legend - The Christmas Song (Chestnuts Roasting On An Open Fire) (Yule Log Video),2020-12-18,56781,0,398,18,Dec
103,John Legend - Merry Merry Christmas (Yule Log Video),2020-12-18,9131,0,190,14,Dec
104,John Legend - Waiting for Christmas (Yule Log Video),2020-12-18,29474,0,262,26,Dec
105,John Legend - Merry Christmas Baby / Give Love on Christmas Day (Yule Log Video),2020-12-18,24902,0,174,7,Dec
106,John Legend - Christmas In New Orleans (Yule Log Video),2020-12-18,66865,0,320,9,Dec
107,John Legend - This Christmas (Yule Log Video),2020-12-18,92731,0,245,9,Dec
108,John Legend - My Favorite Things (Yule Log Video),2020-12-18,42328,0,324,3,Dec
109,John Legend - Wrap Me Up in Your Love (Yule Log Video),2020-12-18,26960,0,199,12,Dec
110,"John Legend - Baby, It's Cold Outside (Yule Log Video) ft. Kelly Clarkson",2020-12-18,92990,0,727,126,Dec
111,John Legend - What Christmas Means to Me (Yule Log Video) ft. Stevie Wonder,2020-12-18,10403,0,207,5,Dec
112,John Legend - Silver Bells (Yule Log Video),2020-12-18,8172,0,170,9,Dec
113,John Legend - Bring Me Love (Yule Log Video),2020-12-18,126972,0,1046,16,Dec
114,John Legend - Please Come Home For Christmas (Yule Log Video),2020-12-18,13131,0,679,59,Dec
115,John Legend - By Christmas Eve (Yule Log Video),2020-12-18,81737,0,1275,57,Dec
116,John Legend - Happy Xmas (War Is Over) (Yule Log Video),2020-12-18,20055,0,727,51,Dec
117,Legendary Christmas Tales - Christmas Traditions,2020-12-18,7193,0,741,48,Dec
118,Legendary Christmas Tales - The Best Gift,2020-12-17,33005,0,1096,78,Dec
119,John Legend - Happy Xmas (War Is Over) (Official Animated Video),2020-12-11,297576,0,4543,370,Dec
120,"John Legend, Common - Glory (Joe Biden Rally in Philadelphia)",2020-11-07,169644,0,7203,595,Nov
121,John Legend - Happy Xmas (War Is Over) (Official Audio),2020-11-06,321216,0,6700,400,Nov
122,John Legend - Wild (MEDUZA Remix - Official Audio),2020-09-18,839363,0,12787,234,Sep
123,John Legend - Wild - Behind the Scenes,2020-08-18,121866,0,3601,125,Aug
124,John Legend Live Stream,2020-08-14,0,0,0,0,Aug
125,John Legend - Wild (Live Premiere),2020-08-13,292988,0,6802,271,Aug
126,John Legend - Wild (feat. Gary Clark Jr.) (Official Video),2020-08-13,15653090,0,283543,6961,Aug
127,John Legend - Bigger Love (Remix) [feat. Mau y Ricky] [Lyric Video],2020-07-24,331547,0,7687,225,Jul
128,John Legend LIVE - A Night For ‚ÄúBigger Love‚Äù Presented by Wave,2020-06-25,796722,0,6423,205,Jun
129,John Legend - Never Break (Official Lyric Video),2020-06-19,1300530,0,37394,1002,Jun
130,"John Legend, Rapsody - Remember Us (Official Audio)",2020-06-19,567520,0,7151,220,Jun
131,"John Legend - U Move, I Move (Official Audio) ft. Jhene Aiko",2020-06-19,14465395,0,185082,2780,Jun
132,John Legend - Always (Official Audio),2020-06-19,325991,0,3826,98,Jun
133,John Legend - I Do (Official Audio),2020-06-19,931175,0,9771,253,Jun
134,John Legend - Slow Cooker (Official Audio),2020-06-19,696674,0,6725,190,Jun
135,John Legend - I'm Ready (Official Audio) ft. Camper,2020-06-19,274360,0,2467,83,Jun
136,"John Legend, Gary Clark Jr. - Wild (Official Audio)",2020-06-19,1115368,0,11706,222,Jun
137,John Legend - Never Break (Official Audio),2020-06-19,1447800,0,21671,560,Jun
138,John Legend - Ooh Laa (Official Audio),2020-06-19,1922795,0,21349,483,Jun
139,John Legend - Don't Walk Away (Official Audio) ft. Koffee,2020-06-19,1873623,0,42382,1308,Jun
140,John Legend - Favorite Place (Official Audio),2020-06-19,512113,0,5566,130,Jun
141,John Legend - One Life (Official Audio),2020-06-19,655265,0,6141,137,Jun
142,John Legend - Focused (Official Audio),2020-06-19,332380,0,4434,143,Jun
143,John Legend - Bigger Love (Official Video),2020-05-13,2564307,0,47092,926,May
144,John Legend - #StayHome & Sing #WithMe (Live Performance),2020-05-02,210885,0,7024,327,May
145,John Legend - When You Can Fly ((Official Video) [from Crow: The Legend]),2020-04-30,153089,0,4488,121,Apr
146,John Legend - Bigger Love (Official Lyric Video),2020-04-24,148376,0,5552,179,Apr
147,John Legend - Bigger Love [One World: #TogetherAtHome],2020-04-19,302387,0,6369,225,Apr
148,John Legend - Bigger Love (Official Audio),2020-04-17,587306,0,12991,343,Apr
149,"Kane Brown, John Legend - Last Time I Say Sorry (Audio)",2020-03-30,41980,0,1831,56,Mar
150,John Legend - Actions (Official Lyric Video),2020-03-20,2048618,0,24019,494,Mar
151,John Legend - #TogetherAtHome Concert Series,2020-03-18,1446662,0,31912,1975,Mar
152,"John Legend - Elizabeth Warren Rally - Charleston, SC",2020-02-28,17390,0,703,79,Feb
153,Conversations in the Dark (John Legend & Lindsey Stirling - Official Audio),2020-02-14,424875,0,10008,161,Feb
154,All of Me (John Legend & Lindsey Stirling - Official Audio),2020-02-14,162348,0,3347,118,Feb
155,Conversations in the Dark (John Legend vs. David Guetta - Official Audio),2020-02-14,904421,0,10115,147,Feb
156,John Legend - Conversations in the Dark (Official Video),2020-01-10,32739047,0,423318,6123,Jan
157,John Legend - Conversations in the Dark (Official Audio),2020-01-10,2701935,0,69575,904,Jan
158,Trailer Talk with John Legend - Season 2 Ep. 8 - Alesha Dixon,2020-01-07,18933,0,547,48,Jan
159,Trailer Talk with John Legend - Season 2 Ep. 7 - Katie Kadan,2019-12-17,14352,0,479,46,Dec
160,Trailer Talk with John Legend - Season 2 Ep. 6 - Luis Fonsi,2019-12-13,9583,0,354,20,Dec
161,Trailer Talk with John Legend - Season 2 Ep. 5 - Kane Brown,2019-12-03,20687,0,564,35,Dec
162,Trailer Talk with John Legend - Season 2 Ep. 4 - Former Sexiest Man Alive Blake Shelton,2019-12-02,12375,0,433,35,Dec
163,"John Legend - Baby, It's Cold Outside (Lyric Video) ft. Kelly Clarkson",2019-11-14,1170186,0,10255,1167,Nov
164,John Legend - Christmas In New Orleans (Official Audio),2019-11-08,279150,0,1554,65,Nov
165,"John Legend - Baby, It's Cold Outside (Official Audio) ft. Kelly Clarkson",2019-11-08,2347790,0,16603,6075,Nov
166,John Legend - My Favorite Things (Official Audio),2019-11-08,254322,0,1635,59,Nov
167,John Legend - This Christmas (Official Audio),2019-11-08,861136,0,4670,134,Nov
168,Trailer Talk with John Legend - Season 2 Ep. 3 - Lilly Singh,2019-10-23,12854,0,627,33,Oct
169,Trailer Talk with John Legend - Season 2 Ep. 2 - Terry Crews,2019-10-02,13142,0,577,47,Oct
170,"Trailer Talk with John Legend - Season 2 Ep. 1 - Blake Shelton, Kelly Clarkson, & Gwen Stefani",2019-10-02,25980,0,923,60,Oct
171,John Legend - Oh Pitera ft. SK-II Pitera Essence (Official Video),2019-06-28,70145,0,3269,144,Jun
172,Trailer Talk with John Legend - Episode 8 - Will.i.am,2019-06-03,14690,0,651,51,Jun
173,Trailer Talk with John Legend - Episode 7 - Darius Rucker,2019-05-22,13020,0,555,39,May
174,"Trailer Talk with John Legend - Episode 6 - Ester Dean, Ryan Tedder, & Shane McAnally",2019-05-21,13025,0,515,32,May
175,Trailer Talk with John Legend - Episode 5 - Maelyn Jarmon,2019-05-16,17512,0,742,56,May
176,Trailer Talk with John Legend - Episode 4 - Chrissy Teigen,2019-05-08,27285,0,785,47,May
177,Trailer Talk with John Legend - Episode 3 - Fan Week,2019-05-08,15273,0,718,52,May
178,Trailer Talk with John Legend - Episode 2 - Kelly Clarkson,2019-05-08,105037,0,3267,163,May
179,Trailer Talk with John Legend - Episode 1 - Blake Shelton,2019-05-08,65541,0,1174,68,May
180,Can't Just Preach: Jaclyn Corin,2019-04-16,17302,0,747,31,Apr
181,Can't Just Preach: Isa Noyola,2019-04-09,13637,0,580,29,Apr
182,"John Legend - The Best of Enemies ""PREACH"" (Lyric Video)",2019-03-29,29704,0,2125,93,Mar
183,Can't Just Preach: Efr√©n Olivares,2019-03-22,15671,0,696,33,Mar
184,John Legend - Preach (Piano Version),2019-03-12,2068947,0,28582,534,Mar
185,Can't Just Preach: Desmond Meade,2019-03-08,27077,0,718,38,Mar
186,Can't Just Preach: Sybrina Fulton,2019-02-27,32897,0,838,49,Feb
187,John Legend - Preach - Behind the Scenes,2019-02-22,65040,0,2467,135,Feb
188,John Legend - Preach (Official Video),2019-02-15,40979333,0,738330,12477,Feb
189,John Legend - It Don't Have to Change (Live from A Legendary Christmas),2018-12-21,459310,0,7945,312,Dec
190,John Legend - Wrap Me Up In Your Love (Official Yule Log),2018-12-20,44187,0,413,16,Dec
191,John Legend - Silver Bells (Official Yule Log),2018-12-20,98935,0,519,13,Dec
192,John Legend - Bring Me Love (Official Yule Log),2018-12-20,72872,0,1249,65,Dec
193,John Legend - Christmas Time Is Here (Official Yule Log),2018-12-20,45665,0,309,11,Dec
194,John Legend - Merry Merry Christmas (Official Yule Log),2018-12-20,58014,0,335,12,Dec
195,John Legend - Waiting For Christmas (Official Yule Log),2018-12-20,23009,0,165,3,Dec
196,John Legend - No Place Like Home (Official Yule Log),2018-12-20,66641,0,663,30,Dec
197,John Legend - Please Come Home For Christmas (Official Yule Log),2018-12-20,127631,0,961,39,Dec
198,John Legend - Merry Christmas Baby / Give Love On Christmas Day (Official Yule Log),2018-12-20,52284,0,290,7,Dec
199,John Legend - What Christmas Means To Me (Official Yule Log),2018-12-20,409173,0,2791,38,Dec
200,John Legend - Purple Snowflakes (Official Yule Log),2018-12-20,20492,0,172,9,Dec
201,John Legend - The Christmas Song (Official Yule Log),2018-12-20,21056,0,200,11,Dec
202,John Legend - By Christmas Eve (Official Yule Log),2018-12-20,36812,0,559,37,Dec
203,John Legend - Have Yourself A Merry Little Christmas (Official Yule Log),2018-12-20,6755,0,184,13,Dec
204,John Legend - What Christmas Means to Me (Live from A Legendary Christmas),2018-12-13,831945,0,8122,181,Dec
205,John Legend - Bring Me Love (Live from A Legendary Christmas with John and Chrissy),2018-12-12,2891761,0,28070,573,Dec
206,What Christmas Means to Me (Live from The Tonight Show Starring Jimmy Fallon),2018-12-07,20772,0,409,16,Dec
207,John Legend - Bring Me Love (Lyric Video),2018-12-05,1901272,0,15480,269,Dec
208,John Legend - Have Yourself a Merry Little Christmas (Official Video),2018-11-29,7925111,0,92491,1359,Nov
209,"Crow: The Legend | Animated Movie [HD] | John Legend, Oprah, Liza Koshy",2018-11-15,2169434,0,43862,1121,Nov
210,"Crow: The Legend | Official Trailer [HD] | John Legend, Oprah, Liza Koshy",2018-11-12,102276,0,2055,133,Nov
211,John Legend - Please Come Home For Christmas (Official Audio),2018-10-26,861763,0,4542,126,Oct
212,John Legend - Waiting for Christmas (Official Audio),2018-10-26,324704,0,1164,27,Oct
213,John Legend - No Place Like Home (Official Audio),2018-10-26,555008,0,1743,37,Oct
214,John Legend - Silver Bells (Official Audio),2018-10-26,653064,0,2121,92,Oct
215,John Legend - Christmas Time Is Here (Official Audio),2018-10-26,472412,0,1441,39,Oct
216,John Legend - Purple Snowflakes (Official Audio),2018-10-26,427123,0,1495,81,Oct
217,John Legend - Wrap Me Up in Your Love (Official Audio),2018-10-26,360309,0,1477,66,Oct
218,John Legend - Merry Christmas Baby / Give Love on Christmas Day (Official Audio),2018-10-26,816522,0,1784,32,Oct
219,John Legend - What Christmas Means to Me (Official Audio) ft. Stevie Wonder,2018-10-26,2235119,0,10765,340,Oct
220,John Legend - By Christmas Eve (Official Audio),2018-10-26,876429,0,5944,301,Oct
221,John Legend - The Christmas Song (Chestnuts Roasting On An Open Fire) (Official Audio),2018-10-26,598441,0,2567,84,Oct
222,John Legend - Merry Merry Christmas (Official Audio),2018-10-26,582259,0,1895,81,Oct
223,John Legend - Bring Me Love (Official Audio),2018-10-12,3538368,0,26440,463,Oct
224,John Legend - Have Yourself a Merry Little Christmas (Official Audio),2018-10-12,676646,0,5176,228,Oct
225,"Love In The Future / The Beginning... (Live from iTunes Festival, London, 2013)",2018-06-01,69301,0,1329,53,Jun
226,"John Legend - All of Me (Live from iTunes Festival, London, 2013)",2018-06-01,1348522,0,27289,612,Jun
227,John Legend - A Good Night (Live at the Billboard Music Awards 2018),2018-05-21,265975,0,4218,172,May
228,"John Legend - So High (Live from iTunes Festival, London, 2013)",2018-05-12,125545,0,2659,83,May
229,"John Legend - Ordinary People (Live from iTunes Festival, London, 2013)",2018-05-12,85605,0,1625,75,May
230,"John Legend - Dancing In the Dark (Live from iTunes Festival, London, 2013)",2018-05-12,304733,0,3184,117,May
231,John Legend - A Good Night - Behind the Scenes,2018-04-09,162891,0,2195,130,Apr
232,"John Legend, BloodPop¬Æ - A Good Night ft. BloodPop¬Æ",2018-04-06,13676805,0,157450,3047,Apr
233,John Legend - Overload (Jimmy Kimmel Live!),2017-12-18,6398,0,458,15,Dec
234,John Legend - Darkness and Light (Jimmy Kimmel Live!),2017-12-15,3126,0,347,7,Dec
235,John Legend - All of Me (Jimmy Kimmel Live!),2017-12-15,11468,0,630,26,Dec
236,John Legend - Love Me Now (Jimmy Kimmel Live!),2017-12-15,3825,0,323,16,Dec
237,John Legend - Penthouse Floor (Jimmy Kimmel Live!),2017-12-15,2154,0,149,8,Dec
238,johnlegendVEVO Live Stream,2017-11-27,0,0,0,0,Nov
239,John Legend - Penthouse Floor - Behind the Scenes,2017-11-08,126501,0,1988,68,Nov
240,John Legend - Penthouse Floor (Video) ft. Chance the Rapper,2017-10-12,13360091,0,121040,2576,Oct
241,John Legend Helps Kids Surprise Their Mom,2017-09-15,25814,0,466,15,Sep
242,John Legend - Surefire (Piano Version) [Audio],2017-06-23,851017,0,17542,274,Jun
243,John Legend - Surefire (Ludwig Goransson Remix) [Audio],2017-06-23,578136,0,12131,300,Jun
244,Father's Day Love Letters with John Legend,2017-06-16,24020,0,448,29,Jun
245,John Legend - Surefire (Video),2017-05-22,15216929,0,242943,6685,May
246,"John Legend - ""What You Do To Me"" Live from Pandora",2017-03-01,105122,0,1202,31,Mar
247,"John Legend - ""Overload"" Live from Pandora",2017-02-24,51131,0,679,22,Feb
248,"John Legend - ""Penthouse Floor"" Live from Pandora",2017-02-16,74862,0,907,29,Feb
249,"John Legend, Cynthia Erivo - God Only Knows (Audio) ft. yMusic",2017-02-13,1651905,0,18291,446,Feb
250,"John Legend - ""Surefire"" Live from Pandora",2017-02-08,52356,0,622,26,Feb
251,"John Legend - ""Love Me Now"" Live from Pandora",2017-02-02,193962,0,2390,68,Feb
252,John Legend - Surefire (Live from the Artists Den),2017-01-25,670496,0,9716,233,Jan
253,John Legend - DARKNESS AND LIGHT: A Conversation with John Legend and Blake Mills,2016-12-09,126736,0,1217,50,Dec
254,John Legend - Green Light (Live on the Honda Stage at iHeartRadio Theater LA),2016-12-07,702946,0,1574,42,Dec
255,John Legend - Overload (Live on the Honda Stage at iHeartRadio Theater LA),2016-12-07,186534,0,2242,72,Dec
256,John Legend - All of Me (Live on the Honda Stage at iHeartRadio Theater LA),2016-12-07,930025,0,11234,225,Dec
257,John Legend - Love Me Now (Live on the Honda Stage at iHeartRadio Theater LA),2016-12-07,2195245,0,12133,234,Dec
258,John Legend - Surefire (Live on the Honda Stage at iHeartRadio Theater LA),2016-12-07,161729,0,1856,46,Dec
259,John Legend - Ordinary People (Live on the Honda Stage at iHeartRadio Theater LA),2016-12-07,268161,0,3117,71,Dec
260,John Legend - Overload (Audio) ft. Miguel,2016-12-02,2335913,0,29959,428,Dec
261,John Legend - Marching Into the Dark (Audio),2016-12-02,331911,0,2297,121,Dec
262,John Legend - Darkness and Light (Audio) ft. Brittany Howard,2016-12-02,1715502,0,14060,258,Dec
263,John Legend - Same Old Story (Audio),2016-12-02,399828,0,2855,48,Dec
264,John Legend - How Can I Blame You (Audio),2016-12-02,499642,0,3571,84,Dec
265,John Legend - Temporarily Painless (Audio),2016-12-02,478498,0,3613,89,Dec
266,John Legend - What You Do to Me (Audio),2016-12-02,1195973,0,9846,144,Dec
267,John Legend - Surefire (Audio),2016-12-02,935067,0,9106,162,Dec
268,John Legend - Love Me Now (Armand Van Helden Remix) [Audio],2016-12-01,225806,0,2064,92,Dec
269,John Legend - Love Me Now (Dave Aud√© Remix) [Audio],2016-12-01,910491,0,10059,167,Dec
270,John Legend - I Know Better (Audio),2016-11-25,1930774,0,25498,538,Nov
271,John Legend - Love Me Now - Behind the Scenes,2016-11-22,467920,0,8450,178,Nov
272,John Legend - Penthouse Floor (Audio) ft. Chance the Rapper,2016-11-16,1507808,0,15996,558,Nov
273,John Legend - Love Me Now (Official Video),2016-11-11,231667189,0,1844323,29293,Nov
274,Love Me Now (Sneak Peak),2016-11-04,82006,0,814,31,Nov
275,John Legend - Love Me Now (Lyric Video),2016-10-07,16278699,0,164519,2492,Oct
276,John Legend - Under The Stars (Live Performance with Stella Artois),2015-12-23,619288,0,8763,171,Dec
277,John Legend - Under The Stars (Created with Stella Artois),2015-12-02,1859742,0,22080,360,Dec
278,"John Legend - The Making of ""Under The Stars"" (Created with Stella Artois)",2015-12-02,122164,0,1305,24,Dec
279,John Legend - Toazted Interview (part 1),2014-08-16,665903,0,1040,66,Aug
280,John Legend - Toazted Interview (part 2),2014-08-16,268022,0,274,19,Aug
281,John Legend - You & I (Nobody In The World) (What Do You See When You Look In The Mirror),2014-07-15,2488403,0,15740,566,Jul
282,John Legend - You & I (Nobody in the World) (Official Video),2014-07-10,117813411,0,801934,16439,Jul
283,"John Legend - All of Me (Audio) ft. Jennifer Nettles, Hunter Hayes",2014-06-12,3119710,0,18236,422,Jun
284,John Legend - You & I (Nobody In The World)( LIVE from Citi ThankYou),2014-05-14,8856793,0,64062,1619,May
285,John Legend - All of Me (LIVE from Citi ThankYou),2014-05-14,3521559,0,27593,680,May
286,John Legend - VEVO News Interview,2014-01-24,141297,0,353,11,Jan
287,John Legend - Vevo Go Shows: All Of Me,2014-01-24,17509329,0,173555,3714,Jan
288,John Legend - All Of Me (Fan Video),2013-10-17,1994715,0,18650,462,Oct
289,John Legend - All of Me (Official Video),2013-10-02,2377897562,0,13148120,255220,Oct
290,John Legend Google Hangout Fan Video,2013-09-17,39232,0,481,63,Sep
291,John Legend - P.D.A. (We Just Don't Care) (Live on Letterman),2013-08-26,809264,0,5915,127,Aug
292,John Legend - Ordinary People (Live on Letterman),2013-08-26,3831690,0,25252,674,Aug
293,John Legend - Green Light (Live on Letterman),2013-08-26,534342,0,3305,74,Aug
294,John Legend - Who Did That To You (Live on Letterman),2013-08-26,1057277,0,9929,347,Aug
295,John Legend - All Of Me (Live on Letterman),2013-08-26,9373197,0,88677,2334,Aug
296,John Legend - Made To Love (Live on Letterman),2013-08-26,715371,0,4325,197,Aug
297,John Legend - Let's Get Lifted (Live on Letterman),2013-08-26,340647,0,1050,29,Aug
298,John Legend - Who Do We Think We Are (Live on Letterman),2013-08-26,405102,0,2845,111,Aug
299,John Legend - The Beginning... (Live on Letterman),2013-08-26,321682,0,1477,66,Aug
300,John Legend - Used To Love U (Live on Letterman),2013-08-26,213100,0,917,18,Aug
301,John Legend - Tonight (Best You Ever Had) (Live on Letterman),2013-08-26,904379,0,7034,204,Aug
302,John Legend - Save Room (Live on Letterman),2013-08-26,573251,0,3726,116,Aug
303,Behind The Scenes: John Legend's #MadeToLove Video,2013-08-02,14264,0,74,12,Aug
304,John Legend - Made to Love (Official Video),2013-08-01,44544858,0,199549,5272,Aug
305,John Legend - Made To Love (Audio),2013-06-18,2241234,0,16948,724,Jun
306,An Audience with John Legend #JohnLegendHangout #TheHangout,2013-05-31,0,0,120,9,May
307,John Legend - Who Do We Think We Are (Official Video) ft. Rick Ross,2013-05-06,13756665,0,92491,4118,May
308,John Legend - Who Do We Think We Are (Audio) ft. Rick Ross,2013-03-25,1315335,0,9495,628,Mar
309,The Beginning (Audio),2013-03-19,358207,0,2480,82,Mar
310,"Be sure to vote November 6, 2012!",2012-11-05,14294,0,81,13,Nov
311,Tune in to Vote for Bridget Carrington on ABC's Duets,2012-07-11,16043,0,371,7,Jul
312,"Bridget, J. Rome, and John Glosson (from Duets) Take Us To Church!",2012-07-03,10244,0,110,9,Jul
313,This Week on Duets: Standards - Vote for #TeamJohn,2012-07-03,6828,0,16,3,Jul
314,Vote for Bridget Carrington on ABC's Duets [Phone: 1-855-962-5001],2012-06-29,9666,0,332,6,Jun
315,Duets Live Shows Start TONIGHT - 8/7c on ABC!,2012-06-28,11326,0,227,4,Jun
316,"John Legend - Wake Up Everybody (Live at AMEX Unstaged) ft. Common, Melanie Fiona",2012-05-23,57837,0,509,18,May
317,John Legend - Tonight (Best You Ever Had) (Official Video) ft. Ludacris,2012-03-13,199078157,0,1073566,27425,Mar
318,"John Legend ft/ Ludacris - ""Tonight (Best You Ever Had)"" - Music Video Teaser",2012-03-09,155589,0,410,15,Mar
319,John Legend - Tonight (Best You Ever Had) feat. Ludacris,2012-01-25,8725922,0,55927,1770,Jan
320,"JL's Post Great Wall Commentary, Beijing.",2011-12-29,6030,0,22,3,Dec
321,The Great Wall Challenge!!! Beijing,2011-12-29,7057,0,35,9,Dec
322,John Legend Tour Rehearsal,2011-09-07,68865,0,98,12,Sep
323,"John Legend, The Roots - Wake Up! EPK",2011-08-13,43378,0,157,15,Aug
324,"Thank You Kenny Mayne for the ""Legend"" Hats",2011-07-07,27690,0,76,6,Jul
325,Meet the ladies of the show. John Legend on tour with Sade Summer 2011,2011-06-30,27034,0,176,17,Jun
326,Meet the real star of the tour:  Puddy. (John Legend on tour with Sade - Summer 2011),2011-06-28,16330,0,94,7,Jun
327,John Legend backstage in D.C. (2011 Summer Tour with Sade),2011-06-24,17381,0,60,12,Jun
328,"John Legend surprises Baptist Church in West Philly (""How I Got Over"")",2011-06-20,2376350,0,16317,985,Jun
329,"John Legend backstage night 1: Baltimore, MD (Summer 2011 Tour w/ Sade)",2011-06-17,54026,0,122,17,Jun
330,John Legend summer tour kick-off rehearsal performance (rebroadcast),2011-06-15,70532,0,401,48,Jun
331,"JL And Band Rehearse For Sade Summer Tour, Philadelphia",2011-06-12,7851,0,64,8,Jun
332,"JL Gives The Commencement Address To Kean University's Undergrad Class Of 2011, New Jersey",2011-05-15,13418,0,71,7,May
333,"JL In The Procession Heading To The Stage For His Commencement Address, New Jersey",2011-05-14,2841,0,24,1,May
334,John Legend at Kean University in New Jersey,2011-05-14,4951,0,44,4,May
335,"Commentary Before Hitting The Stage, Sydney",2011-04-25,9416,0,52,7,Apr
336,"Christine and Me Hanging With A Koala Bear At Dream World, The Gold Coast",2011-04-25,13767,0,97,4,Apr
337,"Enjoy The Wallabies At Dream World, The Gold Coast",2011-04-25,3388,0,18,3,Apr
338,"It's Show Time! Commentary Before Hitting The Stage, Seoul.",2011-04-22,2215,0,31,6,Apr
339,Commentary On The Tokyo Show,2011-04-18,2386,0,14,3,Apr
340,"Commentary On The Rock & Roots Festival, Singapore",2011-04-16,3335,0,29,6,Apr
341,"Attending Soundcheck At The Rock & Roots Festival, Singapore",2011-04-16,10045,0,84,12,Apr
342,"Performing ""Green Light,"" with a student at St. Thomas University, Minneapolis",2011-04-16,4662,0,54,5,Apr
343,"Rehearsing With  Dr. John Duet  doing ""Such A Night""  for his Rock & Roll Hall Of Fame Induction.",2011-04-16,8981,0,85,10,Apr
344,"Rehearsing ""We Rise"" with the Harlem Village Academies",2011-04-05,24241,0,65,16,Apr
345,John Legend - Everybody Knows (MTV Video),2011-03-26,8029,0,98,7,Mar
346,John Legend - Rolling in the Deep (Adele cover),2011-03-25,6832350,0,85048,4128,Mar
347,John Legend - Ordinary People (Live from the House Of Blues-Video),2011-03-24,348467,0,1950,74,Mar
348,"John Legend, The Roots - Our Generation (The Hope Of the World) (Track By Track)",2011-03-22,37863,0,89,2,Mar
349,Making a surprise appearance at a Rick Ross show,2011-03-06,67399,0,34,6,Mar
350,"JL Visits Lee High School's Senior Class, Houston",2011-03-05,3174,0,23,4,Mar
351,"JL Sings Classic Stevie Wonder Song ""Love's In Need of Love""  at The White House",2011-03-01,26620,0,133,15,Mar
352,"JL Rehearses ""I Heard It Through The Grape Vine"" For The Motown Tribute, The White House",2011-02-23,55102,0,295,36,Feb
353,"JL, Jamie Foxx, Seal and Nick Jonas Rehearse For The Motown Tribute, The White House",2011-02-23,121986,0,1025,182,Feb
354,"JL And The Roots Perform ""I Can't Write Left Handed,"" London",2011-02-20,6363,0,56,10,Feb
355,"JL's Rehearsal Performance "" I Wish I Knew How It Would Feel To Be Free"" On The Jay Leno Show, LA",2011-02-20,18514,0,109,5,Feb
356,"JL Performs ""If Your Out There"" For TFA Conference, D.C.",2011-02-20,3017,0,35,5,Feb
357,"JL's Commentary On The Jay Leno Performance, LA",2011-02-20,2401,0,22,3,Feb
358,"JL Speaks To Teach For America Conference, D.C.",2011-02-20,798,0,10,2,Feb
359,"JL And Natasha Bedingfield Duet, Grammy Weekend LA",2011-02-20,4138,0,28,0,Feb
360,"JL And Red Rooster Fried Chicken Cook Off, Harlem",2011-02-16,5301,0,57,21,Feb
361,"JL Commentary On Doing BBC Extra Radio, London",2011-02-04,1957,0,24,8,Feb
362,Happy Holidays and Happy New Year!,2010-12-17,8681,0,64,16,Dec
363,John Legend - 2010 Red Carpet Interview (American Music Awards),2010-11-24,8864,0,27,0,Nov
364,"JL And Bloomingdale's Spreading Holiday Spirit For The Their Holiday Windows Reveal, New York City",2010-11-20,4904,0,36,5,Nov
365,"John Legend, The Roots - Shine (Live from Brooklyn Bowl)",2010-11-19,45829,0,175,3,Nov
366,"John Legend, The Roots - Hard Times (Live from Brooklyn Bowl)",2010-11-19,60048,0,634,37,Nov
367,"John Legend, The Roots - Wake Up Everybody (Live from Brooklyn Bowl)",2010-11-19,45833,0,433,6,Nov
368,"John Legend, The Roots - Ordinary People (Live from Brooklyn Bowl)",2010-11-19,58589,0,373,26,Nov
369,"John Legend, The Roots - Compared To What (Live from Brooklyn Bowl)",2010-11-19,29409,0,230,27,Nov
370,"JL Performing ""Wake Up Everybody On The Tom Joyner Show, Dallas",2010-11-04,7724,0,32,3,Nov
371,"JL's Interview With Tom Joyner And The Morning Show Team, Dallas",2010-11-04,3276,0,10,0,Nov
372,"JL Sings The National Anthem For The MLB Game 1 World Series, San Francisco",2010-11-03,8481,0,87,12,Nov
373,"JL's Commentary on Game One Of MLB World Series, San Francisco",2010-11-03,1421,0,8,0,Nov
374,"JL's MLB World Series Rehearsal, San Francisco",2010-11-03,1383,0,11,1,Nov
375,10 minutes before John Legend was set to perform the National Anthem at the World Series,2010-11-03,9368,0,56,2,Nov
376,JL And The Roots Rehearsal For D.W.T.S.,2010-11-03,2760,0,11,2,Nov
377,JL's Commentary On Dancing With The Stars,2010-10-24,2972,0,11,1,Oct
378,"JL's Commentary On P.O.T.U.S. Rally, Columbus OH",2010-10-24,1064,0,10,3,Oct
379,"John Legend, The Roots - I Can't Write Left Handed (Live from Brooklyn Bowl)",2010-10-21,60291,0,650,45,Oct
380,"John Legend, The Roots - Hang On In There (Track By Track)",2010-10-20,19987,0,60,7,Oct
381,"John Legend, The Roots - Wake Up Everybody (Track By Track)",2010-10-20,26051,0,35,2,Oct
382,"John Legend, The Roots - Shine (Track By Track)",2010-10-20,8581,0,21,4,Oct
383,JL Boarding The G5 Back To New York From London.,2010-10-17,3483,0,10,3,Oct
384,"JL Performs Shine on ""The Weekend Wogan Show""",2010-10-13,3508,0,20,1,Oct
385,"JL Performs ""Shine"" On Extreme Make Over Home Edition, Cleveland OH",2010-10-09,5564,0,34,8,Oct
386,"JL Performs ""Stay With You"" For Claremont College, Claremont CA.",2010-10-09,22812,0,60,3,Oct
387,"JL's Commentary On Surprising The Extreme Make Over Home Edition Family, Cleveland OH.",2010-10-09,1178,0,6,1,Oct
388,"JL And The Roots Rehearsing For The Amex Unstaged Performance, New York City",2010-10-09,1305,0,12,3,Oct
389,"JL's Commentary About The Amex Unstaged Show, New York City",2010-10-09,720,0,10,6,Oct
390,"JL Commentary Before They Hit The Stage At The Apple Store, SoHo NYC",2010-10-09,1239,0,6,3,Oct
391,"JL Surprises A Howard University Class As A Guest Lecturer, D.C.",2010-10-02,2677,0,32,4,Oct
392,John Legend & Questlove Curate YouTube,2010-09-17,212009,0,244,143,Sep
393,"John Legend, The Roots - Making of ""Wake Up Everybody""",2010-09-14,32746,0,114,4,Sep
394,"JL Arrives For The Premiere of ""Waiting For Super Man"", Toronto",2010-09-14,3867,0,5,1,Sep
395,"JL's Commentary on The Film ""Waiting For Superman"", Toronto",2010-09-14,5344,0,27,1,Sep
396,"John Legend, The Roots - Shine (Live In Studio)",2010-09-14,969642,0,3218,181,Sep
397,"Pre-Show Commentary at The North Sea Jazz Festival, Curacao",2010-09-14,5337,0,20,4,Sep
398,"John Legend, The Roots - John Legend & ?uestlove Teaser: UNSTAGED",2010-09-14,7277,0,19,1,Sep
399,"John Legend, The Roots - Compared To What (Live In Studio)",2010-09-13,334212,0,1970,171,Sep
400,"John Legend, The Roots - Hard Times (Live In Studio)",2010-09-13,919179,0,5326,273,Sep
401,Revealing my new album with The Roots for the first time!,2010-09-10,7789,0,52,13,Sep
402,"John Legend, The Roots - I Can't Write Left Handed (Track By Track)",2010-09-09,10396,0,33,2,Sep
403,"John Legend, The Roots - I Wish I Knew How It Would Feel To Be Free (Track By Track)",2010-09-09,24420,0,94,5,Sep
404,"John Legend, The Roots - Humanity (Love The Way It Should Be) (Track By Track)",2010-09-09,28559,0,127,19,Sep
405,"John Legend, The Roots - Wholy Holy (Track By Track)",2010-09-09,69524,0,95,10,Sep
406,"John Legend, The Roots - Compared To What (Track By Track)",2010-09-09,11651,0,20,3,Sep
407,"John Legend, The Roots - Hard Times (Track By Track)",2010-09-09,53364,0,46,3,Sep
408,"John Legend, The Roots - Little Ghetto Boy (Track By Track)",2010-09-09,21902,0,37,1,Sep
409,"John Legend, The Roots - Little Ghetto Boy (Live In Studio)",2010-09-08,737334,0,3756,168,Sep
410,The Ladies Warming Up For The Curacao Show,2010-09-07,24614,0,255,26,Sep
411,"JL's Press Conference for The North Sea Jazz Festival, Curacao",2010-09-07,4917,0,16,1,Sep
412,"JL's Instyle Magazine Photo Shoot, New York City",2010-09-07,3128,0,12,3,Sep
413,JL Speech for American Airlines Perfomance at Bowery Ballroom,2010-09-02,966,0,7,2,Sep
414,"JL's Commentary At The Bleeker Street Record Shop, New York City",2010-09-02,5034,0,16,3,Sep
415,"JL's Commentary on The Rock The Bells Tour, New York City",2010-09-02,3120,0,12,0,Sep
416,John Legend and The Roots - www.HouseParty.com/wakeup,2010-08-31,3501,0,13,3,Aug
417,"John Legend, The Roots - I Can't Write Left Handed (Live In Studio)",2010-08-30,231301,0,1581,152,Aug
418,"JL's Bloomingdales Photo Shoot, New York",2010-08-28,2573,0,11,2,Aug
419,JL's Commentary On The Bloomingdales PhotoShoot,2010-08-28,1369,0,9,1,Aug
420,"JL's Rehearsal Performance For The Miss Universe Pageant, Las Vegas",2010-08-23,45503,0,109,38,Aug
421,"JL's Commentary on The Miss Universe Pageant, Las Vegas",2010-08-23,4655,0,16,1,Aug
422,"Surprise Guest Common Performs At The Troubadour, Los Angeles",2010-08-22,2272,0,21,1,Aug
423,"JL, The Roots and Common Performing ""They Say"" at The Troubadour, Los Angeles",2010-08-22,7923,0,114,7,Aug
424,"JL And The Roots About To Tear It Down At The Troubadour, Los Angeles",2010-08-22,1871,0,10,2,Aug
425,"JL And The Roots Rehearsing For Troubadour Show, Los Angeles",2010-08-22,1198,0,12,5,Aug
426,"JL Makes An Appearance on Big Boy's Neighborhood Radio Show, Los Angeles",2010-08-22,3104,0,17,2,Aug
427,"JL Performs ""Wake Up Everybody"" For Grammy Staff, Los Angeles",2010-08-22,3929,0,23,2,Aug
428,"Neil Portnow, President of The Grammy's Introduces JL. Los Angeles",2010-08-22,597,0,10,6,Aug
429,102.3 FM Los Angeles Interview,2010-08-20,1890,0,15,2,Aug
430,"John Legend, The Roots - Wake Up Everybody (Official Video) ft. Melanie Fiona, Common",2010-08-18,13139915,0,87576,3110,Aug
431,"JL, Kanye West and Estelle American Boy. New York",2010-08-13,12414,0,113,8,Aug
432,"JL & Kanye West, Homecoming. New York",2010-08-13,76847,0,1262,41,Aug
433,"JL Performing For The Jerry Rice HOF Party, Canton OH",2010-08-08,1792,0,35,7,Aug
434,"JL and Jerry Rice, HOF Party",2010-08-08,1357,0,6,1,Aug
435,"JL Commentary For Jerry Rice HOF Party, Canton OH",2010-08-08,2289,0,16,2,Aug
436,"""Hard Times"" JL and The Roots, GMA",2010-08-08,3103,0,36,8,Aug
437,"JL GMA Commentary, New York",2010-08-08,2022,0,17,2,Aug
438,"JL, Angelique Kidjo and The Roots Rehearsing for The Jimmy Fallon Show",2010-08-05,4728,0,30,2,Aug
439,"John Legend Performs ""Dream"" In Barcelona",2010-08-05,4952,0,37,7,Aug
440,"JL's Commentary on ""Wake Up Everybody"" Video Shoot",2010-08-05,3037,0,17,3,Aug
441,"John Legends ""Wake Up Everybody"" Video Shoot Ft. The Roots, Common and Melanie Fiona",2010-08-05,13178,0,30,5,Aug
442,"John Legend, The Roots - Wake Up Everybody (Audio) ft. Common, Melanie Fiona",2010-07-21,187434,0,1614,47,Jul
443,John Legend & The Roots Grammy Weekend 2010,2010-02-09,97347,0,120,20,Feb
444,John Legend - Green Light ft. Andr√© 3000,2009-11-24,434078,0,3187,99,Nov
445,John Legend - Slow Dance (Short Version - Live Video),2009-10-03,2763681,0,7094,372,Oct
446,John Legend - Save Room (Official Video),2009-10-03,36687590,0,153969,4566,Oct
447,John Legend - Heaven (Official Video),2009-10-03,8468585,0,28836,1328,Oct
448,John Legend - P.D.A. (We Just Don't Care) (Official Video),2009-10-03,24097052,0,128167,3846,Oct
449,John Legend - Used to Love U (Official Video),2009-10-03,19064452,0,78963,2587,Oct
450,John Legend - Everybody Knows (Official Video),2009-10-03,40660192,0,173702,4283,Oct
451,John Legend - Green Light (Official Video) ft. Andr√© 3000,2009-10-03,46895197,0,293635,10497,Oct
452,John Legend - Stereo (Official Video),2009-10-03,4665254,0,16121,945,Oct
453,John Legend - So High (Official Video),2009-10-03,16196547,0,69985,2017,Oct
454,John Legend - Show Me (Official Video),2009-10-03,6489474,0,18826,1014,Oct
455,John Legend - Number One (Official Video),2009-10-03,6445317,0,15950,541,Oct
456,John Legend - Ordinary People (Official Music Video),2009-10-03,84280654,0,500100,13415,Oct
457,John Legend Thank You,2009-08-11,47763,0,52,14,Aug
458,John Legend Fan Corps Street Team,2009-08-10,12433,0,40,6,Aug
459,John joins (PRODUCT) RED at MSG in NYC,2009-07-29,12719,0,121,29,Jul
460,Finding Your Truth: Living a Soulful Life,2009-05-19,44459,0,340,36,May
461,"""Greenlight"" Dancing With The Stars Performance",2008-11-20,91969,0,293,36,Nov
462,Don't Forget to Register to Vote!!,2008-09-12,47226,0,131,28,Sep
463,If You're Out There,2008-08-26,391808,0,1043,155,Aug
